Product,Price
"Monitor Gamer SuperFrame Vision, 23.8 Pol, Full HD, 107% sRGB, Fast IPS, 1ms, 180Hz, HDR, FreeSync, HDMI/",699.99
"Monitor Gamer SuperFrame View, 23.8 Pol, Full HD, IPS, 5ms, 75Hz, 99% sRGB, FreeSync, HDMI/VGA, SFVFB-247",479.99
"Monitor Gamer SuperFrame Elegance Series, White, 30 pol, Curvo, UltraWide, Full HD, VA, 1ms, 200Hz, FreeS",1299.99
"Monitor Gamer Duex, 27 Pol, Curvo, Full HD, VA, 240Hz, 1Ms, FreeSync/G-Sync, HDMI/DP, Preto, DXMO27CF240S",959.99
"Monitor Gamer Ninja Tenseigan, 27 Pol, Full HD, IPS, 1ms, 240Hz, HDR, FreeSync, HDMI/DP, White, MGN-007-2",997.90
"Monitor Gamer Ninja Tenseigan, 27 Pol, Quad HD, IPS, 1ms, 240Hz, FreeSync, HDR, HDMI/DP, Black, MGN-009-2",1179.90
"Monitor Gamer SuperFrame Precision, 27 Pol, Full HD, 165Hz, 1ms, IPS, 107% sRGB, FreeSync/G-Sync, HDMI/DP",899.99
"Monitor Gamer Duex, 27 Pol, Full HD, IPS, 165Hz, 1ms, HDR, FreeSync, HDMI/DP, DX270GHQ 165HZ",799.99
"Monitor Gamer SuperFrame Precision Ultra, 24 Pol, Curvo, Full HD, Fast VA, 1ms, 165Hz, RGB, FreeSync/G-Sy",749.99
"Monitor Gamer SuperFrame OverView, 27 Pol, Full HD, IPS, 1ms, 180Hz, FreeSync, HDR, HDMI/DP, SFOFB-27180-",999.90
"Monitor Gamer Gigabyte G24F2, 24 Pol, Full HD, 125% sRGB, FreeSync, 165Hz, 1ms, IPS, HDMI/DP",1097.90
"Monitor Gamer Ninja Tenseigan, 27 Pol, Quad HD, IPS, 1ms, 165Hz, FreeSync, HDR, HDMI/DP, Black, MGN-008-2",999.99
"Monitor Gamer SuperFrame Vision, 27 Pol, Quad HD, IPS, 100Hz, HDR, FreeSync, HDMI/DP, SFVFB27100-QHD-PRO",699.99
"Monitor Gamer SuperFrame Vision, 24 Pol, Full HD, 102% sRGB, E-LED, HDR, FreeSync, HDMI/VGA, 100Hz, SFPFB",499.99
"Monitor Gamer SuperFrame Prisma V3, 27 Pol, Fast IPS, Quad HD, 1ms, 180Hz, 130% sRGB, FreeSync, HDMI/DP,",1349.99
"Monitor Gamer SuperFrame Prisma, 27 Pol, Flat, Fast IPS, Quad HD, 0.3ms, 180Hz, FreeSync, Branco, HDMI/DP",999.99
"Monitor VX PRO, 21.5 Pol, HD, LED, 75Hz, HDMI/VGA, VX215G",399.90
"Monitor Gamer SuperFrame Elegance Series, Black, 30 pol, Curvo, UltraWide, Full HD, VA, 1ms, 200Hz, FreeS",1199.99
"Monitor Gamer SuperFrame Precision Ultra, 23,6 Pol CURVO, Full HD, Fast VA, 1ms, 165Hz, FreeSync/G-Sync,",739.90
"Monitor Gamer Duex, 27 Pol, Full HD, IPS, 240Hz, 1Ms, FreeSync/G-Sync, HDMI/DP, Preto, DXMO27F240S",799.99
"Monitor Gamer Samsung T35F, 24 Pol, Full HD, 75Hz, IPS, HDMI/VGA, LF24T350FHLMZD",699.99
"Monitor Gamer ASUS TUF Gaming, 31.5 Pol, Curvo, WideScreen QuadHD, 165Hz, 1ms, HDR, FreeSync Premium, DP/",1999.90
"Monitor Gamer LG, 21.5 Pol, Full HD, VA, 75Hz, 5ms, FreeSync, HDMI/VGA, 22MP410-B",557.90
"Monitor Gamer SuperFrame Precision, 27 Pol, Curvo, Quad HD, RGB, Fast VA, 124.4% sRGB, FreeSync/G-Sync, 1",799.99
"Monitor Gamer SuperFrame Vision, 23.8 Pol, Full HD, IPS, G-Sync/FreeSync, 1ms, 144Hz, HDMI/DP, SFV2409",679.90
"Monitor VX PRO, 23 Pol, LED, 60Hz, HDMI/VGA, VX230X-2",499.90
"Monitor Gamer Acer Nitro ED340CU, 34 Pol, Curvo, Quad HD, 1ms, 100Hz, VA, 99% sRGB, HDMI/DP, UM.CE0AA.H01",2099.90
"Monitor Gamer Acer Nitro Series ED270 X2BMIIPX, 27 Pol, Curvo, Full HD, 1ms, 240Hz, VA, FreeSync Premium,",1539.90
"Monitor Gamer Acer QG241Y M3BIIP, 23.8 pol, Full HD, IPS, 180Hz, 1ms, 99% sRGB, FreeSync, HDMI/DP, UM.QQ1",949.90
"Monitor VX PRO, 15.4 Pol, HD, 75Hz, HDMI/VGA, VX154G",239.90
"Monitor Gamer Acer Nitro KG251Q P3biip, 24.5 Pol, Full HD, VA, 180Hz, 1ms, HDMI/DP, FreeSync, Preto, UM.K",799.90
"Monitor Gamer AOC 23.8 Pol, Full HD, 180Hz, 0.5ms, IPS, HDMI/DP, G-Sync, Preto, 24G4/P/57",1059.90
"Monitor Gamer AOC 27 Pol, Full HD, 180Hz, 0.5ms, IPS, HDMI/DP, G-Sync, Preto, 27G4/P/57",1269.90
"Monitor Gamer LG 24 Pol, Full HD, IPS, 5Ms, 100Hz, HDMI, 24MS500-B",719.90
"Monitor Gamer Redragon Ombra, 32 Pol, Quad HD, 165Hz, IPS, 1Ms, HDMI/DP, GMQ3222SUC",1799.90
"Monitor Gamer Duex, 24 Pol, Full HD, IPS, 165Hz, 1ms, FreeSync/G-Sync, HDMI/DP, Preto, DXMO24F165S",599.99
"Monitor Gamer Ninja Sharingan, 23.6 Pol, Curvo, Full HD, 1ms, 180Hz, FreeSync, HDMI/DP, GNSCB-24180-FHD",849.90
"Monitor Gamer Duex Hyper Wide, 34 Pol, Curvo, UltraWide, WQuadHD, VA, 1ms, 180Hz, FreeSync/G-Sync, HDMI/D",2159.90
"Monitor Gamer AOC Agon 4 Pro, 27 Pol, 4K UHD, IPS, 144Hz, 1ms, HDR600, 133% sRGB, G-Sync, HDMI/DP, AG274U",5899.90
"Monitor VX PRO, 19 Pol, LED, 60Hz, 5ms, HDMI/VGA, VX 190C",289.90
"Monitor Gamer Duex, 24 Pol, Curvo, Full HD, 1ms, 165Hz, HDR, VA, FreeSync, HDMI/DP, DXMO24FC165S",699.99
"Monitor Gamer Duex, 23.8 Pol, Full HD, 5ms, 75Hz, IPS, FreeSync, HDMI/VGA, DXMO238F",559.99
"Monitor Smart Samsung M8, 32 Pol, VA, 4K UHD, 60Hz, WebCam, Bluetooth, WiFi, HDMI/USB-C, Branco, LS32CM80",4179.90
"Monitor Gamer Duex, 24 Pol, Full HD, IPS, 165Hz, 1ms, HDMI/DP, DX240ZG 165Hz",699.99
"Monitor Brazil PC, 20 Pol, LED, 75Hz, HDMI/VGA, VESA, Com Inclinação, 20WR 75Hz",339.90
"Monitor Gamer LG 27 Pol, Full HD, 100Hz, IPS, 5ms, HDMI, Preto, 27MS500-B.AWZM",887.90
"Monitor Gamer Duex, 27 Pol, Quad HD, IPS, 240Hz, 1ms, HDR, Flicker Free, FreeSync, HDMI/DP, White, DX270Q",1359.90
"Monitor Gamer Duex, 27 Pol, Quad HD, IPS, 240Hz, 1ms, HDR, Flicker Free, FreeSync, HDMI/DP, DX270QGP240",1359.90
"Monitor Gamer Duex, 27 Pol, Quad HD, IPS, 165Hz, 1ms, HDR, Flicker Free, FreeSync, HDMI/DP, DX270QGP165",1259.90
"Monitor Gamer Duex, 27 Pol, Quad HD, IPS, 165Hz, 1ms, HDR, Flicker Free, FreeSync, HDMI/DP, White, DX270Q",1199.90
"Monitor VX PRO, 23 Pol, LED, 60Hz, HDMI/VGA, VX230X",499.90
"Monitor VX PRO, 21.5 Pol, LED, 60Hz, 8ms, HDMI/VGA, VX215X",399.90
"Monitor VX PRO, 15.4 Pol, HD, 75Hz, HDMI/VGA, VX154X",219.99
"Monitor Gamer Asus TUF Gaming VG249Q3A, 23,8 Pol, Full HD, 180Hz, Fast IPS, 1ms, 99% sRGB, FreeSync Premi",1149.90
"Monitor Gamer Asus TUF Gaming VG279Q3A, 27 Pol, Full HD, 180Hz, Fast IPS, 1ms, 99% sRGB, FreeSync Premium",1249.90
"Monitor Gamer Asus TUF Gaming, 34 Pol, Curvo, WQHD, 1ms, 180Hz, 125% sRGB, HDR, FreeSync Premium Pro, HDM",2927.90
"Monitor Gamer SuperFrame Orbit, 27 Pol, Quad HD, 180Hz, Fast IPS, 1ms, 130% sRGB, FreeSync, HDR, HDMI/DP,",1199.99
"Monitor Gamer SuperFrame Orbit, 27 Pol, Quad HD, 180Hz, Fast IPS, 1ms, 130% sRGB, FreeSync, HDR, HDMI/DP,",1199.99
"Monitor Dr. Office, 22 Pol, WSXGA+, 75Hz, HDMI/VGA, MDR-0506-22",379.99
"Monitor Gamer Gigabyte GS27FC, 27 Pol, Full HD, Curvo, 180Hz, 1Ms, FreeSync Premium, HDR, HDMI/DP, 20VM0-",1239.90
"Monitor Gamer Gigabyte GS27QC, 27 Pol, Quad HD, Curvo, 165Hz, 1Ms, FreeSync Premium, HDR, HDMI/DP, 20VM0-",1499.90
"Monitor Gamer SuperFrame Precision, 27 Pol, Quad HD, 107.6% sRGB, 165Hz, 1ms, IPS, FreeSync, HDMI/DP, SFP",1059.99
"Monitor Gamer 3Green, 19,5 Pol, LED, 75Hz, 2ms, HDMI/VGA, Branco, M195BHD",289.90
"Monitor Gamer SuperFrame OverView, 27 Pol, Full HD, IPS, 1ms, 280Hz, FreeSync, HDR, HDMI/DP, SFOFB-27280-",1249.90
"Monitor 3Green Pro 243G, 24 Pol, Ergonômico Ajuste de altura, Rotação Vertical, LED, Full HD, Widescreen,",569.90
"Monitor 3Green Pro 1953G, 19 Pol, Ergonômico Ajuste de altura, Rotação Vertical, LED, HD+, Widescreen, 75",459.90
"Monitor Gamer Duex, 27 Pol, Full HD, IPS, 240Hz, 1ms, FreeSync, HDMI/DP, DX270GHQ 240HZ",869.99
"Monitor Gamer 3Green, 21,5 Pol, Full HD, 75Hz, 2ms, HDMI/VGA, M215WHD",399.90
"Monitor Gamer Samsung, 32 Pol, LED UHD, 4ms, 138% sRGB, FreeSync, HDMI/DP, LU32J590UQLMZD",1699.99
"Monitor Gamer SuperFrame Precision, 27 Pol, Full HD, Fast IPS, 240Hz, 1ms, RGB, FreeSync, HDR, HDMI/DP, S",899.99
"Monitor 3Green, 24 Pol, LED, Full HD, Widescreen, 75Hz, 2ms, HDMI/VGA, M240WHD",659.90
"Monitor Gamer Ninja Sharingan, 24 Pol, Curvo, Full HD, 1ms, 180Hz, HDMI/DP, MGN-003-24S V2",899.90
"Monitor Gamer Duex, 31.5 Pol, Full HD, 75Hz, HDMI/VGA, DX315XF",699.99
"Monitor VX PRO, 19 Pol, LED, 60Hz, 5ms, HDMI/VGA, VX190X",289.90
"Monitor Gamer Gigabyte G34WQC-A, 34 Pol, Curvo, QHD, VA, 1ms, 144Hz, Flickerfree, HDR, HDMI/DP",2899.00
"Monitor Gamer Gigabyte, 32 Pol, Curvo, QHD, 1ms, 165Hz, VA, 123% sRGB, HDR, FreeSync Premium, Altura ajus",2499.90
"Monitor Gamer Samsung Odyssey G30, 24"", Full HD, 144Hz, VA, 1ms, FreeSync Premium, HDMI/DP, LS24BG30",899.90
"Monitor Dr. Office, 20 Pol, HD, 75Hz, HDMI/VGA, MDR-0504-20",359.99
"Monitor Dr. Office, 23.8 Pol, Full HD, 75Hz, HDMI/VGA, MDR-0508-23",399.99
"Monitor Dr. Office, 19 Pol, LED, 60Hz, 5ms, HDMI/VGA, MDR-0503-19",349.99
"Monitor Gamer Samsung Odyssey G40, 25 Pol, IPS, Full HD, 1ms, 240Hz, G-Sync, FreeSync, HDMI/DP, LS25BG400",1739.90
"Monitor Gamer Samsung Odyssey, 27 Pol, Full HD, 165Hz, VA, 1ms, FreeSync Premium, HDMI/DP, LS27AG320NLXZD",1409.90
"Monitor Gamer Samsung Essential T45F, 24 Pol, Full HD, IPS, FreeSync, HDMI/DP/USB, F24T450FQL",869.90
"Monitor Gamer AOC Viper, 24 Pol, LED, Full HD, 1ms, 165Hz, FreeSync, HDMI/DP, 24G2SE",799.90
"Monitor Gamer Samsung T35F, 27 Pol, Full HD, IPS, HDMI/VGA, LF27T350FHLMZD",809.99
"Monitor Gamer Samsung, 28 Pol, LED, 4K, UHD, IPS, FreeSync, HDMI, DP, LU28R550UQLMZD",1699.90
"Monitor LG 19,5 Pol, HD, 60Hz, Ajuste De Inclinação, Reader Mode, Screen Split, HDMI-VGA, 20MK400H-B",539.90
